Date;WTI_CLH26.NYM;WTI_CLX26.NYM;WTI_CLX27.NYM;Copper_HGH26.CMX;Copper_HGX26.CMX;Aluminium_ALIH26.CMX;Steel_HRCH26.CMX;Steel_HRCX26.CMX
2022-01-03;60,020000;59,130001;58,290001;4,400500;;;;
2022-01-04;60,700001;59,770000;58,919998;4,451500;;;;
2022-01-05;60,349998;59,419998;58,570000;4,417000;;;;
2022-01-06;60,610001;59,660000;58,810001;4,361000;;;;
2022-01-07;60,419998;59,470001;58,619999;4,410500;;;;
2022-01-10;60,110001;59,160000;58,310001;4,362500;;;;
2022-01-11;61,099998;60,099998;59,240002;4,429500;;;;
2022-01-12;60,970001;59,930000;59,070000;4,540000;;;;
2022-01-13;61,200001;60,200001;59,320000;4,517000;;;;
2022-01-14;61,590000;60,540001;59,650002;4,401500;;;;
2022-01-18;62,279999;61,230000;60,340000;4,375000;;;;
2022-01-19;62,470001;61,419998;60,580002;4,446000;;;;
2022-01-20;63,470001;62,419998;61,580002;4,525500;;;;
2022-01-21;64,029999;62,990002;62,090000;4,449000;;;;
2022-01-24;63,799999;62,849998;61,930000;4,348500;;;;
2022-01-25;64,720001;63,820000;62,930000;4,381000;;;;
2022-01-26;65,059998;64,129997;63,240002;4,439500;;;;
2022-01-27;64,709999;63,770000;62,880001;4,351500;;;;
2022-01-28;64,440002;63,490002;62,599998;4,263500;;;;
2022-01-31;64,930000;64,010002;63,119999;4,290500;;;;
2022-02-01;65,099998;64,180000;63,299999;4,386500;;;;
2022-02-02;65,250000;64,360001;63,480000;4,441500;;;;
2022-02-03;66,070000;65,129997;64,239998;4,431000;;;;
2022-02-04;66,410004;65,459999;64,599998;4,457500;;;;
2022-02-07;66,860001;65,870003;65,010002;4,435000;;;;
2022-02-08;66,510002;65,540001;64,680000;4,405500;;;;
2022-02-09;67,930000;66,980003;66,120003;4,496500;;;;
2022-02-10;68,489998;67,589996;66,739998;4,571000;;;;
2022-02-11;69,029999;68,099998;67,250000;4,466500;;;;
2022-02-14;69,169998;68,250000;67,449997;4,446000;;;;
2022-02-15;67,610001;66,769997;65,980003;4,491000;;;;
2022-02-16;68,099998;67,250000;66,389999;4,483500;;;;
2022-02-17;68,180000;67,349998;66,540001;4,475500;;;;
2022-02-18;68,480003;67,639999;66,849998;4,470000;;;;
2022-02-22;69,599998;68,769997;67,980003;4,460000;;;;
2022-02-23;70,529999;69,709999;68,930000;4,446000;;;;
2022-02-24;69,000000;68,190002;67,400002;4,421500;;;;
2022-02-25;67,589996;66,699997;65,879997;4,458000;;;;
2022-02-28;66,769997;65,680000;64,680000;4,453000;;;;
2022-03-01;68,330002;67,199997;66,190002;4,615500;;;;
2022-03-02;71,040001;69,769997;68,750000;4,670000;;;;
2022-03-03;71,320000;69,900002;68,660004;4,721500;;;;
2022-03-04;72,449997;70,260002;68,580002;4,776000;;;;
2022-03-07;71,559998;69,220001;67,070000;4,653000;;;;
2022-03-08;68,730003;66,309998;64,059998;4,685000;;;;
2022-03-09;67,629997;65,930000;64,150002;4,630000;;;;
2022-03-10;67,870003;66,169998;64,419998;4,661000;;;;
2022-03-11;69,680000;67,839996;66,000000;4,646000;;;;
2022-03-14;68,209999;66,550003;64,709999;4,617500;;;;
2022-03-15;69,440002;68,110001;66,570000;4,620500;;;;
2022-03-16;68,070000;66,739998;65,199997;4,685500;;;;
2022-03-17;70,000000;68,589996;67,040001;4,757000;;;;
2022-03-18;69,889999;68,480003;66,949997;4,763500;;;;
2022-03-21;71,309998;69,720001;68,190002;4,755000;;;;
2022-03-22;71,180000;69,599998;68,070000;4,764500;;;;
2022-03-23;71,629997;69,870003;68,320000;4,772000;;;;
2022-03-24;70,080002;68,360001;66,769997;4,747500;;;;
2022-03-25;71,129997;69,410004;67,820000;4,750500;;;;
2022-03-28;70,379997;69,010002;67,470001;4,768000;;;;
2022-03-29;70,199997;68,830002;67,290001;4,755500;;;;
2022-03-30;70,570000;69,099998;67,550003;4,770500;;;;
2022-03-31;70,809998;69,080002;67,489998;4,772500;;;;
2022-04-01;73,910004;72,040001;70,440002;4,720000;;;;
2022-04-04;74,279999;72,070000;69,720001;4,780500;;;;
2022-04-05;73,250000;71,019997;68,669998;4,784000;;;;
2022-04-06;72,139999;69,900002;67,500000;4,729000;;;;
2022-04-07;73,349998;71,129997;68,739998;4,698500;;;;
2022-04-08;73,370003;71,129997;68,750000;4,731500;;;;
2022-04-11;72,680000;70,519997;67,980003;4,662000;;;;
2022-04-12;72,910004;70,680000;68,419998;4,738000;;;;
2022-04-13;73,139999;70,750000;68,360001;4,732000;;;;
2022-04-14;72,220001;69,699997;67,300003;4,731500;;;;
2022-04-18;71,660004;69,129997;66,730003;4,787500;;;;
2022-04-19;70,379997;68,309998;66,180000;4,720500;;;;
2022-04-20;70,209999;68,099998;65,959999;4,670500;;;;
2022-04-21;71,430000;69,320000;67,230003;4,717500;;;;
2022-04-22;69,680000;67,599998;65,510002;4,607500;;;;
2022-04-25;69,099998;67,120003;64,980003;4,488500;;;;
2022-04-26;69,029999;67,019997;64,879997;4,479000;;;;
2022-04-27;68,419998;66,370003;64,220001;4,487000;;;;
2022-04-28;68,500000;66,459999;64,430000;4,444000;;;;
2022-04-29;67,839996;65,760002;63,700001;4,419500;;;;
2022-05-02;68,059998;65,959999;63,900002;4,289500;;;;
2022-05-03;68,379997;66,370003;64,339996;4,308500;;;;
2022-05-04;69,910004;67,860001;65,830002;4,358000;;;;
2022-05-05;70,269997;68,199997;66,160004;4,317500;;;;
2022-05-06;70,160004;68,080002;66,040001;4,311000;;;;
2022-05-09;68,180000;66,160004;64,120003;4,235000;;;;
2022-05-10;68,190002;66,300003;64,279999;4,203000;;;;
2022-05-11;71,180000;69,250000;67,220001;4,249500;;;;
2022-05-12;70,769997;68,690002;66,639999;4,145000;;;;
2022-05-13;70,269997;67,669998;65,019997;4,212500;;;;
2022-05-16;70,260002;67,660004;65,050003;4,225500;;;;
2022-05-17;71,309998;69,059998;66,489998;4,273500;;;;
2022-05-18;70,650002;68,580002;66,139999;4,212000;;;;
2022-05-19;71,239998;69,190002;66,959999;4,301000;;;;
2022-05-20;70,709999;68,680000;66,449997;4,304000;;;;
2022-05-23;71,730003;69,699997;67,470001;4,371000;;;;
2022-05-24;72,059998;70,059998;67,879997;4,342500;;;;
2022-05-25;72,349998;70,330002;68,150002;4,306000;;;;
2022-05-26;72,260002;70,169998;67,989998;4,322500;;;;
2022-05-27;72,089996;69,930000;67,750000;4,371000;;;;
2022-05-31;71,550003;69,389999;67,209999;4,359500;;;;
2022-06-01;71,339996;68,870003;66,599998;4,385500;;;;
2022-06-02;71,879997;69,300003;67,019997;4,605000;;;;
2022-06-03;71,510002;68,860001;66,379997;4,533500;;;;
2022-06-06;71,129997;68,470001;65,870003;4,483000;;;;
2022-06-07;72,779999;70,040001;67,419998;4,486000;;;;
2022-06-08;73,300003;70,309998;67,480003;4,488500;;;;
2022-06-09;74,070000;71,160004;68,449997;4,427000;;;;
2022-06-10;73,599998;70,660004;67,949997;4,353000;;;;
2022-06-13;74,300003;71,349998;68,349998;4,276500;;;;
2022-06-14;73,480003;70,550003;67,510002;4,240000;;;;
2022-06-15;73,220001;70,290001;67,190002;4,244000;;;;
2022-06-16;74,739998;71,900002;68,800003;4,196000;;;;
2022-06-17;73,050003;70,760002;67,959999;4,103500;;;;
2022-06-21;72,709999;70,339996;67,660004;4,115000;;;;
2022-06-22;71,470001;69,150002;66,500000;4,025000;;;;
2022-06-23;69,099998;66,940002;64,500000;3,832500;;;;
2022-06-24;71,050003;68,889999;66,449997;3,878000;;;;
2022-06-27;72,199997;70,040001;67,599998;3,896000;;;;
2022-06-28;73,889999;71,629997;69,139999;3,917000;;;;
2022-06-29;73,430000;71,339996;68,879997;3,919500;;;;
2022-06-30;70,900002;68,860001;66,459999;3,842500;;;;
2022-07-01;70,639999;68,550003;66,190002;3,739500;;;;
2022-07-05;67,279999;65,589996;63,520000;3,554000;;;;
2022-07-06;67,639999;66,010002;64,000000;3,522000;;;;
2022-07-07;68,830002;67,010002;64,980003;3,680500;;;;
2022-07-08;69,389999;67,410004;65,230003;3,651000;;;;
2022-07-11;71,089996;69,120003;66,940002;3,551000;;;;
2022-07-12;68,839996;67,290001;65,290001;3,475500;;;;
2022-07-13;69,699997;68,129997;66,180000;3,511500;;;;
2022-07-14;68,519997;67,169998;65,379997;3,397000;;;;
2022-07-15;69,449997;68,199997;66,510002;3,420000;;;;
2022-07-18;71,750000;70,430000;68,820000;3,529500;;;;
2022-07-19;71,739998;70,330002;68,599998;3,482000;;;;
2022-07-20;71,230003;69,669998;67,809998;3,519000;;;;
2022-07-21;70,190002;68,680000;66,839996;3,487000;;;;
2022-07-22;69,930000;68,459999;66,589996;3,553500;;;;
2022-07-25;70,879997;69,320000;67,349998;3,572500;;;;
2022-07-26;70,959999;69,400002;67,440002;3,598500;;;;
2022-07-27;72,449997;70,769997;68,790001;3,638500;;;;
2022-07-28;71,209999;69,489998;67,510002;3,686500;;;;
2022-07-29;72,110001;70,339996;68,370003;3,773500;;;;
2022-08-01;70,790001;69,010002;66,989998;3,747500;;;;
2022-08-02;72,339996;70,580002;68,510002;3,720500;;;;
2022-08-03;71,959999;70,370003;68,320000;3,672500;;;;
2022-08-04;69,959999;68,519997;66,570000;3,692000;;;;
2022-08-05;69,820000;68,290001;66,339996;3,764500;;;;
2022-08-08;71,389999;69,709999;67,470001;3,793000;;;;
2022-08-09;70,889999;69,139999;66,889999;3,793000;;;;
2022-08-10;72,160004;70,330002;67,970001;3,850000;;;;
2022-08-11;72,260002;70,290001;67,879997;3,881000;;;;
2022-08-12;72,099998;70,129997;67,720001;3,829500;;;;
2022-08-15;71,660004;69,870003;67,519997;3,781000;;;;
2022-08-16;70,860001;69,120003;66,750000;3,783000;;;;
2022-08-17;70,980003;69,169998;66,769997;3,735000;;;;
2022-08-18;70,190002;68,199997;65,650002;3,775000;;;;
2022-08-19;69,389999;67,160004;64,410004;3,808000;;;;
2022-08-22;69,349998;67,010002;64,209999;3,786000;;;;
2022-08-23;69,610001;67,040001;63,919998;3,820000;;;;
2022-08-24;69,180000;66,559998;63,320000;3,786000;;;;
2022-08-25;68,680000;66,180000;62,980000;3,815000;;;;
2022-08-26;68,629997;66,099998;62,849998;3,825500;;;;
2022-08-29;69,129997;66,489998;63,119999;3,743500;;;;
2022-08-30;67,790001;65,309998;62,200001;3,692000;;;;
2022-08-31;67,919998;65,669998;62,630001;3,651500;;;;
2022-09-01;66,519997;64,589996;61,950001;3,544000;;;;
2022-09-02;66,610001;64,779999;62,169998;3,547000;;;;
2022-09-06;66,650002;64,870003;62,340000;3,589000;;;;
2022-09-07;64,690002;63,279999;61,060001;3,558500;;;;
2022-09-08;64,769997;63,250000;61,020000;3,640000;;;;
2022-09-09;66,809998;65,129997;62,880001;3,680000;;;;
2022-09-12;67,820000;65,949997;63,560001;3,714000;;;;
2022-09-13;67,769997;65,790001;63,349998;3,670500;;;;
2022-09-14;67,919998;65,970001;63,470001;3,625000;;;;
2022-09-15;65,849998;64,160004;61,700001;3,583000;;;;
2022-09-16;65,699997;64,019997;61,540001;3,587500;;;;
2022-09-19;65,510002;63,799999;61,330002;3,598500;;;;
2022-09-20;63,639999;61,900002;59,610001;3,596500;;;;
2022-09-21;63,279999;61,540001;59,240002;3,566000;;;;
2022-09-22;63,720001;62,020000;59,560001;3,576500;;;;
2022-09-23;61,840000;60,320000;58,070000;3,454000;;;;
2022-09-26;61,459999;60,150002;58,060001;3,402000;;;;
2022-09-27;62,029999;60,660000;58,529999;3,394000;;;;
2022-09-28;63,360001;61,849998;59,680000;3,442000;;;;
2022-09-29;62,610001;61,150002;58,919998;3,490000;;;;
2022-09-30;61,560001;60,240002;58,099998;3,474500;;;;
2022-10-03;62,950001;61,450001;59,279999;3,481500;;;;
2022-10-04;64,080002;62,369999;60,110001;3,560000;;;;
2022-10-05;65,339996;63,480000;60,990002;3,585500;;;;
2022-10-06;66,089996;64,199997;61,639999;3,531500;;;;
2022-10-07;67,010002;64,989998;62,340000;3,480000;;;;
2022-10-10;66,430000;64,510002;61,869999;3,526000;;;;
2022-10-11;65,809998;64,180000;61,580002;3,563500;;2554,000000;;
2022-10-12;64,699997;63,139999;60,650002;3,523000;;2587,250000;;
2022-10-13;65,180000;63,310001;60,709999;3,528500;;2668,750000;;
2022-10-14;64,080002;62,369999;59,860001;3,501000;;2593,250000;;
2022-10-17;64,709999;63,020000;60,520000;3,506500;;2513,500000;;
2022-10-18;65,500000;64,000000;61,590000;3,471500;;2492,750000;;
2022-10-19;67,040001;65,529999;63,259998;3,437500;;2492,750000;;
2022-10-20;66,809998;65,379997;63,220001;3,521000;;2537,000000;;
2022-10-21;66,379997;64,910004;62,770000;3,567500;;2532,750000;;
2022-10-24;66,010002;64,360001;62,150002;3,533000;;2501,750000;;
2022-10-25;66,989998;65,309998;62,980000;3,502000;;2534,250000;;
2022-10-26;67,559998;65,720001;63,230000;3,629500;;2660,000000;;
2022-10-27;67,959999;66,080002;63,580002;3,610000;;2611,000000;;
2022-10-28;67,220001;65,379997;62,860001;3,524000;;2511,250000;;
2022-10-31;67,720001;66,110001;63,779999;3,469500;;2522,000000;;
2022-11-01;67,919998;66,129997;63,779999;3,535000;;2544,000000;;
2022-11-02;68,860001;66,830002;64,430000;3,539500;;2551,000000;;
2022-11-03;68,260002;66,320000;63,880001;3,510000;;2567,250000;;
2022-11-04;69,070000;66,760002;63,799999;3,757500;;2660,000000;;
2022-11-07;69,139999;66,919998;64,040001;3,695000;;2636,000000;;
2022-11-08;68,279999;66,190002;63,330002;3,768500;;2673,750000;;
2022-11-09;67,099998;65,279999;62,630001;3,777000;;2614,250000;;
2022-11-10;66,980003;65,050003;62,369999;3,801000;;2633,000000;;
2022-11-11;68,309998;66,379997;63,709999;3,954000;;2766,250000;;
2022-11-14;68,080002;66,320000;63,730000;3,892000;;2755,000000;;
2022-11-15;69,320000;67,529999;65,040001;3,892500;;2704,000000;;
2022-11-16;67,889999;66,110001;63,599998;3,848000;;2680,250000;;
2022-11-17;67,730003;66,220001;63,980000;3,790000;;2661,750000;;
2022-11-18;67,250000;65,699997;63,410000;3,740500;;2696,500000;;
2022-11-21;68,040001;66,449997;64,150002;3,675000;;2647,000000;;
2022-11-22;67,970001;66,309998;63,990002;3,708500;;2697,000000;;
2022-11-23;67,690002;66,080002;63,840000;3,709500;;2660,750000;;
2022-11-25;67,339996;65,839996;63,639999;3,721000;;2636,750000;;
2022-11-28;67,919998;66,459999;64,349998;3,695500;;2635,250000;;
2022-11-29;68,150002;66,599998;64,459999;3,722500;;2649,000000;;
2022-11-30;69,120003;67,349998;65,070000;3,812000;;2742,250000;;
2022-12-01;69,129997;67,370003;65,089996;3,896000;;2748,500000;;
2022-12-02;69,680000;68,000000;65,730003;3,925000;;2805,500000;;
2022-12-05;68,660004;67,129997;64,919998;3,885500;;2771,000000;;
2022-12-06;67,180000;65,709999;63,599998;3,910500;;2765,250000;;
2022-12-07;65,980003;64,580002;62,520000;3,852500;;2742,250000;;
2022-12-08;65,489998;64,070000;62,040001;3,862500;;2766,500000;;
2022-12-09;66,120003;64,779999;62,779999;3,876000;;2740,000000;;
2022-12-12;67,040001;65,669998;63,669998;3,810000;;2696,750000;;
2022-12-13;66,690002;65,059998;62,900002;3,839500;;2745,750000;;
2022-12-14;66,779999;65,019997;62,669998;3,875500;;2725,000000;;
2022-12-15;65,559998;63,799999;61,450001;3,774500;;2684,250000;;
2022-12-16;65,279999;63,650002;61,340000;3,773500;;2677,250000;;
2022-12-19;65,690002;64,050003;61,740002;3,789000;;2654,500000;;
2022-12-20;66,220001;64,550003;62,290001;3,801500;;2666,000000;;
2022-12-21;66,209999;64,400002;62,029999;3,804500;;2689,500000;;
2022-12-22;65,620003;63,840000;61,490002;3,759000;;2706,750000;;
2022-12-23;66,870003;64,860001;62,279999;3,808500;;2695,750000;;
2022-12-27;66,940002;64,919998;62,340000;3,852000;;2690,500000;;
2022-12-28;67,430000;65,519997;62,950001;3,856000;;2673,500000;;
2022-12-29;66,639999;64,779999;62,270000;3,829000;;2706,250000;;
2022-12-30;67,739998;65,790001;63,259998;3,808000;;2687,250000;;
2023-01-03;66,379997;64,550003;62,130001;3,781000;;2629,000000;;
2023-01-04;65,800003;64,300003;62,160000;3,758500;;2598,750000;;
2023-01-05;65,889999;64,290001;62,110001;3,827000;;2584,500000;;
2023-01-06;66,059998;64,440002;62,270000;3,907000;;2622,000000;;
2023-01-09;67,010002;65,349998;63,099998;4,025500;;2778,250000;;
2023-01-10;66,839996;65,150002;62,869999;4,074500;;2796,250000;;
2023-01-11;67,870003;66,040001;63,590000;4,159500;;2839,500000;;
2023-01-12;67,900002;65,970001;63,400002;4,196000;;2896,500000;;
2023-01-13;68,260002;66,220001;63,549999;4,215500;;2951,500000;;
2023-01-17;66,839996;64,570000;61,720001;4,220000;;2989,250000;;
2023-01-18;66,680000;64,370003;61,459999;4,227500;;2997,750000;;
2023-01-19;67,309998;65,010002;62,060001;4,223000;;2905,500000;;
2023-01-20;67,629997;65,250000;62,209999;4,241500;;2925,500000;;
2023-01-23;68,290001;65,809998;62,680000;4,264000;;2946,250000;;
2023-01-24;67,370003;64,980003;61,930000;4,253000;;2958,500000;;
2023-01-25;67,010002;64,650002;61,610001;4,254000;;2959,000000;;
2023-01-26;66,879997;64,440002;61,330002;4,266000;;2942,000000;;
2023-01-27;66,279999;63,990002;60,939999;4,223500;;2927,500000;;
2023-01-30;66,019997;63,939999;61,139999;4,209500;;2898,500000;;
2023-01-31;66,940002;64,809998;62,000000;4,229500;;2944,000000;;
2023-02-01;65,790001;63,840000;61,180000;4,125500;;2910,750000;;
2023-02-02;65,739998;63,790001;61,090000;4,116000;;2910,500000;;
2023-02-03;64,300003;62,570000;60,040001;4,085500;;2855,000000;;
2023-02-06;64,930000;63,080002;60,470001;4,074000;;2818,250000;;
2023-02-07;65,610001;63,439999;60,549999;4,089000;;2823,000000;;
2023-02-08;66,269997;64,070000;61,099998;4,029000;;2775,750000;;
2023-02-09;65,989998;63,849998;60,930000;4,086500;;2795,250000;;
2023-02-10;66,660004;64,410004;61,430000;4,024000;;2735,500000;;
2023-02-13;67,349998;65,150002;62,240002;4,068500;;2698,000000;;
2023-02-14;67,239998;65,120003;62,279999;4,084000;;2680,000000;;
2023-02-15;67,430000;65,400002;62,599998;4,011000;;2668,750000;;
2023-02-16;67,500000;65,510002;62,790001;4,106500;;2674,250000;;
2023-02-17;66,480003;64,570000;62,009998;4,094500;;2662,750000;;
2023-02-21;66,660004;64,809998;62,310001;4,184000;;2736,500000;;
2023-02-22;66,120003;64,489998;62,209999;4,159000;;2685,500000;;
2023-02-23;66,349998;64,529999;62,040001;4,040500;;2674,250000;;
2023-02-24;66,180000;64,230003;61,660000;3,952500;;2618,750000;;
2023-02-27;65,389999;63,459999;60,900002;4,007000;;2648,500000;;
2023-02-28;65,169998;63,040001;60,279999;4,084000;;2655,750000;;
2023-03-01;65,559998;63,360001;60,540001;4,141000;;2707,750000;;
2023-03-02;65,970001;63,650002;60,689999;4,074000;;2692,000000;;
2023-03-03;66,970001;64,570000;61,480000;4,067000;;2694,000000;;
2023-03-06;67,190002;64,779999;61,599998;4,092500;;2683,750000;;
2023-03-07;65,709999;63,520000;60,580002;3,984000;;2655,000000;;
2023-03-08;65,419998;63,400002;60,650002;4,031500;;2657,750000;;
2023-03-09;65,059998;63,180000;60,619999;4,039000;;2625,750000;;
2023-03-10;65,300003;63,299999;60,700001;4,042000;;2620,250000;;
2023-03-13;64,610001;62,750000;60,220001;4,065000;;2625,000000;;
2023-03-14;63,500000;62,090000;59,980000;4,021000;;2643,000000;;
2023-03-15;61,830002;60,919998;59,299999;3,874000;;2581,000000;;
2023-03-16;62,639999;61,619999;60,020000;3,887500;;2565,750000;;
2023-03-17;62,450001;61,610001;60,169998;3,908500;;2562,500000;;
2023-03-20;62,860001;61,889999;60,320000;3,965000;;2567,000000;;
2023-03-21;63,180000;62,060001;60,360001;4,000000;;2561,750000;;
2023-03-22;63,389999;62,180000;60,410000;4,033500;;2586,750000;;
2023-03-23;63,310001;62,189999;60,520000;4,097000;;2590,000000;;
2023-03-24;63,240002;62,169998;60,480000;4,073500;;2602,250000;;
2023-03-27;64,690002;63,290001;61,150002;4,086000;;2635,250000;;
2023-03-28;64,830002;63,419998;61,259998;4,089000;;2654,750000;;
2023-03-29;64,769997;63,400002;61,270000;4,082500;;2639,250000;;
2023-03-30;64,870003;63,240002;60,900002;4,092500;;2658,000000;;
2023-03-31;65,150002;63,389999;60,820000;4,094000;;2673,250000;;
2023-04-03;65,709999;63,540001;60,730000;4,052000;;2662,750000;;
2023-04-04;65,779999;63,599998;60,770000;3,979000;;2636,000000;;
2023-04-05;65,910004;63,779999;60,950001;3,982000;;2597,500000;;
2023-04-06;65,769997;63,650002;60,869999;4,011500;;2602,000000;;
2023-04-10;65,540001;63,410000;60,560001;3,984500;;2602,500000;;
2023-04-11;66,230003;63,959999;60,930000;4,021000;;2570,500000;;
2023-04-12;67,040001;64,629997;61,500000;4,064500;;2592,250000;;
2023-04-13;67,029999;64,680000;61,490002;4,098000;;2624,250000;;
2023-04-14;67,250000;64,889999;61,680000;4,088000;;2637,000000;;
2023-04-17;66,919998;64,790001;61,779999;4,060500;;2632,750000;;
2023-04-18;67,260002;65,169998;62,220001;4,089000;;2694,750000;;
2023-04-19;66,550003;64,660004;61,900002;4,075000;;2706,000000;;
2023-04-20;65,639999;63,880001;61,320000;4,032000;;2680,750000;;
2023-04-21;66,919998;65,250000;62,790001;3,995500;;2642,000000;;
2023-04-24;67,370003;65,580002;63,060001;3,979000;;2635,000000;;
2023-04-25;65,959999;64,320000;61,910000;3,878500;;2589,500000;;
2023-04-26;65,320000;63,950001;61,900002;3,872000;;2583,750000;;
2023-04-27;65,029999;63,619999;61,580002;3,891500;;2577,750000;;
2023-04-28;66,419998;64,900002;62,689999;3,908000;;2610,500000;;
2023-05-01;65,589996;64,160004;61,990002;3,954000;;2643,000000;;
2023-05-02;64,059998;63,029999;61,419998;3,888500;;2625,000000;;
2023-05-03;62,660000;61,799999;60,430000;3,873500;;2574,250000;;
2023-05-04;61,790001;60,880001;59,490002;3,900000;;2533,000000;;
2023-05-05;63,240002;62,180000;60,580002;3,918500;;2565,250000;;
2023-05-08;64,309998;63,139999;61,410000;3,970000;;2545,250000;;
2023-05-09;64,989998;63,820000;62,029999;3,947000;;2561,000000;;
2023-05-10;64,570000;63,430000;61,680000;3,897000;;2514,500000;;
2023-05-11;63,419998;62,330002;60,639999;3,763000;;2447,000000;;
2023-05-12;62,900002;61,900002;60,320000;3,778000;;2464,000000;;
2023-05-15;63,500000;62,410000;60,709999;3,803500;;2487,250000;;
2023-05-16;63,459999;62,380001;60,669998;3,729000;;2492,000000;;
2023-05-17;64,790001;63,529999;61,720001;3,814500;;2515,750000;;
2023-05-18;64,650002;63,480000;61,750000;3,765000;;2508,500000;;
2023-05-19;63,509998;62,270000;60,389999;3,801500;;2511,250000;;
2023-05-22;63,549999;62,259998;60,310001;3,766500;;2491,000000;;
2023-05-23;64,089996;62,750000;60,730000;3,739500;;2457,000000;;
2023-05-24;64,970001;63,509998;61,330002;3,656000;;2424,250000;;
2023-05-25;63,599998;62,259998;60,310001;3,677500;;2447,000000;;
2023-05-26;64,250000;62,840000;60,830002;3,760500;;2446,250000;;
2023-05-30;62,680000;61,490002;59,750000;3,751000;;2422,000000;;
2023-05-31;61,830002;60,730000;59,110001;3,728000;;2443,750000;;
2023-06-01;62,820000;61,509998;59,540001;3,793500;;2489,250000;;
2023-06-02;63,669998;62,250000;60,130001;3,807000;;2461,250000;;
2023-06-05;63,299999;61,770000;59,540001;3,836500;;2451,000000;;
2023-06-06;63,090000;61,580002;59,459999;3,826500;;2412,000000;;
2023-06-07;63,520000;61,919998;59,689999;3,793000;;2414,250000;;
2023-06-08;62,660000;61,090000;58,930000;3,837000;;2449,250000;;
2023-06-09;62,470001;61,000000;58,990002;3,840500;;2461,000000;;
2023-06-12;61,240002;59,990002;58,270000;3,814000;;2418,250000;;
2023-06-13;62,889999;61,590000;59,720001;3,869500;;2425,750000;;
2023-06-14;62,240002;61,020000;59,250000;3,892500;;2456,500000;841,000000;841,000000
2023-06-15;63,799999;62,459999;60,490002;3,918500;;2421,000000;860,000000;860,000000
2023-06-16;64,379997;62,939999;60,840000;3,928500;;2424,500000;870,000000;870,000000
2023-06-20;64,000000;62,630001;60,650002;3,904500;;2391,750000;870,000000;870,000000
2023-06-21;64,660004;63,139999;60,939999;3,915500;;2394,500000;855,000000;855,000000
2023-06-22;63,310001;61,910000;59,860001;3,920500;;2382,250000;860,000000;860,000000
2023-06-23;63,029999;61,599998;59,490002;3,845500;;2353,500000;848,000000;848,000000
2023-06-26;63,259998;61,840000;59,740002;3,834000;;2301,500000;845,000000;845,000000
2023-06-27;63,189999;61,900002;59,939999;3,812000;;2336,500000;840,000000;840,000000
2023-06-28;63,680000;62,169998;60,060001;3,777500;;2320,750000;825,000000;825,000000
2023-06-29;63,680000;62,180000;60,009998;3,732500;;2291,500000;824,000000;824,000000
2023-06-30;63,980000;62,450001;60,310001;3,799000;;2291,750000;826,000000;826,000000
2023-07-03;62,900002;61,419998;59,330002;3,830500;;2309,750000;824,000000;824,000000
2023-07-05;64,300003;62,709999;60,480000;3,815500;;2305,250000;832,000000;832,000000
2023-07-06;63,950001;62,380001;60,189999;3,805000;;2292,500000;830,000000;830,000000
2023-07-07;64,339996;62,549999;60,169998;3,846500;;2304,250000;820,000000;820,000000
2023-07-10;64,669998;63,040001;60,750000;3,854000;;2313,250000;819,000000;819,000000
2023-07-11;65,599998;63,840000;61,419998;3,842000;;2325,000000;834,000000;834,000000
2023-07-12;65,860001;64,040001;61,549999;3,917500;;2392,500000;821,000000;821,000000
2023-07-13;66,500000;64,580002;61,970001;3,992500;;2441,000000;827,000000;827,000000
2023-07-14;65,709999;63,889999;61,400002;3,989500;;2425,250000;843,000000;843,000000
2023-07-17;65,589996;63,919998;61,599998;3,906500;;2400,500000;827,000000;827,000000
2023-07-18;66,519997;64,760002;62,290001;3,895500;;2370,750000;830,000000;830,000000
2023-07-19;66,900002;65,209999;62,849998;3,875000;;2346,000000;820,000000;820,000000
2023-07-20;66,889999;65,160004;62,709999;3,903000;;2341,500000;821,000000;821,000000
2023-07-21;67,349998;65,510002;63,009998;3,896500;;2359,500000;833,000000;833,000000
2023-07-24;68,139999;66,169998;63,540001;3,932000;;2361,250000;820,000000;820,000000
2023-07-25;68,279999;66,220001;63,470001;3,984500;;2390,500000;820,000000;820,000000
2023-07-26;68,110001;66,110001;63,389999;3,970500;;2362,500000;825,000000;825,000000
2023-07-27;68,690002;66,610001;63,790001;3,953000;;2360,000000;820,000000;820,000000
2023-07-28;69,169998;67,080002;64,279999;3,999000;;2376,000000;820,000000;820,000000
2023-07-31;69,550003;67,349998;64,440002;4,067500;;2444,500000;810,000000;810,000000
2023-08-01;69,300003;67,120003;64,120003;3,984000;;2424,500000;810,000000;810,000000
2023-08-02;68,180000;66,029999;63,150002;3,931000;;2378,500000;800,000000;800,000000
2023-08-03;69,199997;66,889999;63,880001;3,993500;;2399,250000;800,000000;800,000000
2023-08-04;69,949997;67,629997;64,550003;3,964500;;2403,000000;800,000000;800,000000
2023-08-07;70,010002;67,760002;64,769997;3,942000;;2399,250000;807,000000;807,000000
2023-08-08;70,580002;68,309998;65,279999;3,874500;;2365,250000;816,000000;816,000000
2023-08-09;70,989998;68,669998;65,580002;3,882000;;2356,000000;813,000000;813,000000
2023-08-10;70,400002;68,099998;65,000000;3,873500;;2370,000000;816,000000;816,000000
2023-08-11;70,269997;67,970001;64,849998;3,842500;;2339,500000;816,000000;816,000000
2023-08-14;70,129997;67,910004;64,839996;3,836000;;2306,750000;830,000000;830,000000
2023-08-15;69,489998;67,330002;64,370003;3,808000;;2316,000000;844,000000;844,000000
2023-08-16;69,550003;67,510002;64,709999;3,794000;;2314,500000;859,000000;859,000000
2023-08-17;69,849998;67,800003;64,910004;3,821500;;2332,750000;819,000000;819,000000
2023-08-18;70,339996;68,239998;65,300003;3,821000;;2326,750000;822,000000;822,000000
2023-08-21;70,370003;68,279999;65,309998;3,838000;;2324,750000;822,000000;822,000000
2023-08-22;70,260002;68,190002;65,239998;3,871500;;2353,500000;822,000000;822,000000
2023-08-23;69,839996;67,870003;65,019997;3,915500;;2365,000000;817,000000;817,000000
2023-08-24;69,279999;67,230003;64,309998;3,880500;;2341,500000;823,000000;823,000000
2023-08-25;69,739998;67,639999;64,680000;3,870000;;2336,000000;829,000000;829,000000
2023-08-28;69,540001;67,430000;64,480003;3,881500;;2359,000000;828,000000;828,000000
2023-08-29;70,139999;68,000000;64,980003;3,930000;;2337,250000;832,000000;832,000000
2023-08-30;70,129997;67,959999;64,919998;3,935000;;2366,750000;832,000000;832,000000
2023-08-31;70,639999;68,370003;65,230003;3,916000;;2365,250000;829,000000;829,000000
2023-09-01;71,370003;69,019997;65,830002;3,941500;;2402,750000;832,000000;832,000000
2023-09-05;71,889999;69,430000;66,190002;3,934500;;2363,000000;819,000000;819,000000
2023-09-06;71,870003;69,410004;66,250000;3,884000;;2364,250000;825,000000;825,000000
2023-09-07;72,080002;69,739998;66,629997;3,862000;;2368,000000;825,000000;825,000000
2023-09-08;71,970001;69,489998;66,199997;3,820500;;2357,250000;825,000000;825,000000
2023-09-11;72,150002;69,709999;66,430000;3,908500;;2380,250000;822,000000;822,000000
2023-09-12;72,379997;69,809998;66,519997;3,894500;;2378,000000;827,000000;827,000000
2023-09-13;72,209999;69,660004;66,360001;3,893000;;2396,250000;815,000000;815,000000
2023-09-14;72,690002;70,000000;66,650002;3,894500;;2401,000000;821,000000;821,000000
2023-09-15;72,260002;69,510002;66,110001;3,885500;;2373,500000;831,000000;831,000000
2023-09-18;72,610001;69,959999;66,610001;3,871000;;2401,500000;828,000000;828,000000
2023-09-19;72,690002;70,099998;66,820000;3,842000;;2396,250000;842,000000;842,000000
2023-09-20;72,709999;70,290001;67,150002;3,870000;;2439,000000;849,000000;849,000000
2023-09-21;72,910004;70,470001;67,470001;3,805000;;2396,500000;860,000000;860,000000
2023-09-22;72,089996;69,750000;66,769997;3,814000;;2416,250000;865,000000;865,000000
2023-09-25;72,360001;70,070000;67,080002;3,797500;;2411,500000;850,000000;850,000000
2023-09-26;72,550003;70,190002;67,129997;3,772000;;2433,750000;850,000000;850,000000
2023-09-27;72,949997;70,570000;67,489998;3,755000;;2431,750000;860,000000;860,000000
2023-09-28;72,699997;70,570000;67,760002;3,809000;;2470,750000;850,000000;850,000000
2023-09-29;72,360001;70,269997;67,559998;3,847000;;2542,500000;855,000000;855,000000
2023-10-02;72,199997;70,160004;67,500000;3,762000;;2497,500000;839,000000;839,000000
2023-10-03;72,120003;70,000000;67,279999;3,736000;;2476,000000;835,000000;835,000000
2023-10-04;69,070000;67,209999;64,879997;3,704500;;2437,250000;848,000000;848,000000
2023-10-05;68,150002;66,379997;64,120003;3,667500;;2428,500000;835,000000;835,000000
2023-10-06;68,300003;66,480003;64,160004;3,738000;;2429,750000;835,000000;835,000000
2023-10-09;69,669998;67,500000;64,739998;3,760000;;2425,750000;847,000000;847,000000
2023-10-10;70,370003;68,290001;65,570000;3,734500;;2397,750000;850,000000;850,000000
2023-10-11;70,550003;68,650002;66,080002;3,731500;;2403,500000;856,000000;856,000000
2023-10-12;70,580002;68,730003;66,190002;3,731000;;2383,500000;842,000000;842,000000
2023-10-13;72,309998;70,040001;67,029999;3,712000;;2383,000000;849,000000;849,000000
2023-10-16;72,309998;70,309998;67,690002;3,740000;;2369,250000;843,000000;843,000000
2023-10-17;72,519997;70,480003;67,839996;3,740500;;2357,750000;860,000000;860,000000
2023-10-18;73,070000;70,919998;68,180000;3,732500;;2360,250000;865,000000;865,000000
2023-10-19;72,790001;70,500000;67,650002;3,740000;;2367,000000;865,000000;865,000000
2023-10-20;72,360001;70,070000;67,250000;3,720500;;2366,250000;850,000000;850,000000
2023-10-23;71,849998;69,669998;66,949997;3,729000;;2356,750000;864,000000;864,000000
2023-10-24;71,459999;69,339996;66,650002;3,740000;;2369,500000;855,000000;855,000000
2023-10-25;72,419998;70,160004;67,290001;3,722000;;2394,750000;850,000000;850,000000
2023-10-26;71,660004;69,589996;66,930000;3,744500;;2375,000000;850,000000;850,000000
2023-10-27;72,519997;70,339996;67,519997;3,798500;;2400,250000;865,000000;865,000000
2023-10-30;71,349998;69,440002;66,919998;3,811000;;2432,250000;870,000000;870,000000
2023-10-31;70,970001;69,180000;66,779999;3,803000;;2420,500000;855,000000;855,000000
2023-11-01;70,669998;68,860001;66,480003;3,815000;;2421,500000;849,000000;849,000000
2023-11-02;71,669998;69,570000;66,879997;3,840000;;2414,250000;841,000000;841,000000
2023-11-03;70,790001;68,860001;66,309998;3,847500;;2441,000000;838,000000;838,000000
2023-11-06;71,529999;69,540001;66,919998;3,888000;;2477,500000;850,000000;850,000000
2023-11-07;69,139999;67,389999;65,059998;3,869000;;2453,000000;850,000000;850,000000
2023-11-08;68,029999;66,370003;64,169998;3,834500;;2451,250000;855,000000;855,000000
2023-11-09;68,489998;66,820000;64,650002;3,835500;;2432,000000;840,000000;840,000000
2023-11-10;69,400002;67,650002;65,400002;3,807500;;2407,250000;850,000000;850,000000
2023-11-13;70,019997;68,150002;65,769997;3,865500;;2414,250000;850,000000;850,000000
2023-11-14;69,570000;67,650002;65,209999;3,886500;;2419,000000;850,000000;850,000000
2023-11-15;69,269997;67,370003;64,949997;3,921000;;2422,750000;850,000000;850,000000
2023-11-16;67,150002;65,500000;63,529999;3,903500;;2399,000000;866,000000;866,000000
2023-11-17;69,050003;67,230003;65,059998;3,936500;;2392,750000;848,000000;848,000000
2023-11-20;69,989998;68,010002;65,610001;4,004000;;2429,500000;860,000000;860,000000
2023-11-21;69,849998;67,800003;65,379997;4,020000;;2438,000000;860,000000;860,000000
2023-11-22;69,300003;67,290001;64,940002;3,969000;;2404,000000;859,000000;859,000000
2023-11-24;68,540001;66,599998;64,349998;4,001500;;2406,750000;860,000000;860,000000
2023-11-27;68,199997;66,290001;64,059998;3,974500;;2397,250000;870,000000;870,000000
2023-11-28;68,900002;66,879997;64,519997;4,003000;;2400,000000;855,000000;855,000000
2023-11-29;69,699997;67,599998;65,129997;3,988500;;2395,750000;860,000000;860,000000
2023-11-30;68,410004;66,550003;64,360001;4,008000;;2373,750000;860,000000;860,000000
2023-12-01;67,559998;65,820000;63,770000;4,073500;;2387,250000;855,000000;855,000000
2023-12-04;67,860001;66,120003;64,099998;4,000000;;2360,000000;870,000000;870,000000
2023-12-05;67,279999;65,690002;63,840000;3,940500;;2342,750000;850,000000;850,000000
2023-12-06;65,970001;64,730003;63,369999;3,895500;;2333,000000;860,000000;860,000000
2023-12-07;65,940002;64,750000;63,439999;3,952500;;2313,500000;850,000000;850,000000
2023-12-08;66,849998;65,529999;64,110001;3,967500;;2319,750000;850,000000;850,000000
2023-12-11;67,260002;65,870003;64,389999;3,923500;;2295,250000;850,000000;850,000000
2023-12-12;65,769997;64,639999;63,439999;3,913500;;2310,250000;863,000000;863,000000
2023-12-13;66,589996;65,339996;64,029999;3,904000;;2308,500000;858,000000;858,000000
2023-12-14;67,930000;66,470001;64,959999;3,992500;;2382,250000;863,000000;863,000000
2023-12-15;67,809998;66,389999;64,870003;3,982500;;2410,750000;866,000000;866,000000
2023-12-18;68,269997;66,660004;64,959999;3,949000;;2447,750000;866,000000;866,000000
2023-12-19;68,849998;67,129997;65,260002;3,983500;;2433,500000;868,000000;868,000000
2023-12-20;68,610001;66,919998;65,080002;3,989500;;2412,000000;856,000000;856,000000
2023-12-21;68,050003;66,320000;64,449997;4,003500;;2416,500000;868,000000;868,000000
2023-12-22;67,300003;65,599998;63,759998;3,991500;;2504,750000;868,000000;868,000000
2023-12-26;68,029999;66,070000;63,990002;3,996500;;2495,500000;868,000000;868,000000
2023-12-27;67,709999;65,860001;63,889999;4,045500;;2553,250000;870,000000;870,000000
2023-12-28;66,290001;64,739998;63,020000;4,011500;;2544,750000;870,000000;870,000000
2023-12-29;66,080002;64,500000;62,790001;3,980500;;2552,500000;868,000000;868,000000
2024-01-02;65,680000;64,300003;62,779999;3,971000;;2506,250000;878,000000;878,000000
2024-01-03;66,989998;65,379997;63,630001;3,950000;;2482,750000;878,000000;878,000000
2024-01-04;66,470001;64,949997;63,340000;3,930500;;2445,250000;868,000000;868,000000
2024-01-05;67,089996;65,400002;63,650002;3,907000;;2452,750000;863,000000;863,000000
2024-01-08;65,660004;64,330002;62,950001;3,922500;;2422,500000;852,000000;852,000000
2024-01-09;66,129997;64,639999;63,110001;3,882000;;2432,500000;850,000000;850,000000
2024-01-10;65,900002;64,489998;63,070000;3,895000;;2406,750000;850,000000;850,000000
2024-01-11;66,309998;64,870003;63,400002;3,877000;;2399,000000;850,000000;850,000000
2024-01-12;67,080002;65,650002;64,160004;3,848500;;2378,750000;846,000000;846,000000
2024-01-16;66,669998;65,230003;63,759998;3,870000;;2383,000000;848,000000;848,000000
2024-01-17;66,489998;65,080002;63,660000;3,836000;;2356,500000;846,000000;846,000000
2024-01-18;67,139999;65,610001;64,070000;3,850500;;2345,250000;846,000000;846,000000
2024-01-19;66,559998;65,080002;63,580002;3,887000;;2340,750000;851,000000;851,000000
2024-01-22;67,730003;66,099998;64,459999;3,870000;;2341,000000;861,000000;861,000000
2024-01-23;67,519997;65,980003;64,410004;3,892000;;2399,750000;866,000000;866,000000
2024-01-24;67,849998;66,269997;64,680000;3,975500;;2406,750000;866,000000;866,000000
2024-01-25;68,860001;67,040001;65,199997;3,970500;;2401,250000;856,000000;856,000000
2024-01-26;69,349998;67,529999;65,699997;3,958000;;2434,500000;841,000000;841,000000
2024-01-29;68,620003;66,879997;65,139999;3,982000;;2418,000000;861,000000;861,000000
2024-01-30;69,260002;67,500000;65,750000;3,998000;;2428,750000;866,000000;866,000000
2024-01-31;68,150002;66,580002;65,089996;3,992500;;2430,000000;866,000000;866,000000
2024-02-01;66,779999;65,309998;63,970001;3,949500;;2394,500000;856,000000;856,000000
2024-02-02;66,010002;64,639999;63,410000;3,931000;;2389,250000;851,000000;851,000000
2024-02-05;66,559998;65,129997;63,860001;3,892500;;2365,250000;851,000000;851,000000
2024-02-06;66,650002;65,110001;63,720001;3,899500;;2384,250000;875,000000;875,000000
2024-02-07;67,000000;65,440002;64,010002;3,862000;;2373,000000;875,000000;875,000000
2024-02-08;68,059998;66,320000;64,690002;3,823000;;2371,000000;865,000000;865,000000
2024-02-09;68,519997;66,750000;65,099998;3,800000;;2366,000000;875,000000;875,000000
2024-02-12;68,629997;66,930000;65,339996;3,835500;;2377,750000;865,000000;865,000000
2024-02-13;68,860001;67,190002;65,660004;3,819500;;2375,500000;867,000000;867,000000
2024-02-14;68,190002;66,580002;65,129997;3,796000;;2389,500000;875,000000;875,000000
2024-02-15;68,610001;66,889999;65,309998;3,839500;;2391,000000;875,000000;875,000000
2024-02-16;68,860001;67,099998;65,480003;3,917500;;2387,000000;869,000000;869,000000
2024-02-20;67,970001;66,239998;64,639999;3,937000;;2355,250000;875,000000;875,000000
2024-02-21;68,180000;66,410004;64,739998;3,949000;;2380,500000;875,000000;875,000000
2024-02-22;68,470001;66,680000;64,970001;3,980500;;2354,250000;873,000000;873,000000
2024-02-23;67,690002;66,139999;64,680000;3,972500;;2347,000000;870,000000;870,000000
2024-02-26;68,070000;66,379997;64,790001;3,901500;;2341,500000;880,000000;880,000000
2024-02-27;68,459999;66,680000;65,010002;3,923500;;2351,750000;868,000000;868,000000
2024-02-28;68,209999;66,529999;64,930000;3,906500;;2348,500000;863,000000;863,000000
2024-02-29;67,989998;66,349998;64,779999;3,910500;;2382,500000;878,000000;878,000000
2024-03-01;68,339996;66,500000;64,730003;3,927500;;2401,250000;871,000000;871,000000
2024-03-04;68,730003;67,080002;65,489998;3,926500;;2394,500000;878,000000;878,000000
2024-03-05;68,160004;66,500000;64,879997;3,918000;;2391,250000;873,000000;873,000000
2024-03-06;68,379997;66,550003;64,809998;3,943500;;2398,250000;887,000000;887,000000
2024-03-07;68,529999;66,760002;65,040001;3,991500;;2416,250000;908,000000;908,000000
2024-03-08;68,099998;66,379997;64,709999;3,961000;;2405,250000;883,000000;883,000000
2024-03-11;68,620003;66,910004;65,209999;3,995000;;2419,000000;876,000000;876,000000
2024-03-12;68,480003;66,820000;65,129997;3,998500;;2424,750000;876,000000;876,000000
2024-03-13;69,440002;67,589996;65,690002;4,108500;;2428,500000;870,000000;870,000000
2024-03-14;69,989998;67,959999;65,889999;4,108000;;2413,500000;867,000000;867,000000
2024-03-15;70,239998;68,209999;66,169998;4,191000;;2432,500000;860,000000;860,000000
2024-03-18;70,660004;68,489998;66,279999;4,197000;;2434,500000;860,000000;860,000000
2024-03-19;70,889999;68,690002;66,430000;4,150500;;2425,250000;880,000000;880,000000
2024-03-20;70,370003;68,279999;66,089996;4,131500;;2429,250000;880,000000;880,000000
2024-03-21;70,419998;68,300003;66,059998;4,153000;;2458,000000;880,000000;880,000000
2024-03-22;70,010002;67,949997;65,790001;4,105000;;2465,000000;897,000000;897,000000
2024-03-25;70,690002;68,519997;66,230003;4,120000;;2475,000000;875,000000;875,000000
2024-03-26;70,610001;68,510002;66,239998;4,115000;;2453,750000;870,000000;870,000000
2024-03-27;70,589996;68,489998;66,230003;4,110000;;2448,500000;870,000000;870,000000
2024-03-28;71,230003;68,949997;66,550003;4,123500;;2476,250000;879,000000;879,000000
2024-04-01;71,190002;68,930000;66,510002;4,166000;;2482,750000;879,000000;879,000000
2024-04-02;71,489998;69,110001;66,550003;4,191000;;2523,000000;879,000000;879,000000
2024-04-03;71,970001;69,500000;66,870003;4,318500;;2569,000000;870,000000;870,000000
2024-04-04;72,440002;69,779999;66,940002;4,371000;;2584,750000;860,000000;860,000000
2024-04-05;72,290001;69,599998;66,769997;4,359500;;2593,500000;868,000000;868,000000
2024-04-08;72,129997;69,500000;66,730003;4,389500;;2599,500000;853,000000;853,000000
2024-04-09;71,639999;69,070000;66,360001;4,396500;;2598,000000;853,000000;853,000000
2024-04-10;72,120003;69,459999;66,620003;4,386500;;2595,000000;853,000000;853,000000
2024-04-11;72,110001;69,550003;66,760002;4,374500;;2595,250000;853,000000;853,000000
2024-04-12;72,559998;70,000000;67,139999;4,379500;;2635,750000;863,000000;863,000000
2024-04-15;72,800003;70,279999;67,449997;4,455000;;2702,500000;858,000000;858,000000
2024-04-16;73,019997;70,550003;67,779999;4,383500;;2700,750000;871,000000;871,000000
2024-04-17;71,750000;69,480003;66,959999;4,406000;;2722,750000;856,000000;856,000000
2024-04-18;71,570000;69,349998;66,820000;4,511500;;2738,500000;856,000000;856,000000
2024-04-19;71,309998;69,099998;66,669998;4,565500;;2789,500000;856,000000;856,000000
2024-04-22;71,129997;68,980003;66,580002;4,546500;;2787,750000;855,000000;855,000000
2024-04-23;71,680000;69,379997;66,849998;4,499000;;2695,750000;865,000000;865,000000
2024-04-24;71,820000;69,629997;67,209999;4,521000;;2716,750000;873,000000;873,000000
2024-04-25;72,099998;69,849998;67,360001;4,575000;;2670,250000;878,000000;878,000000
2024-04-26;72,389999;70,110001;67,580002;4,621000;;2672,000000;880,000000;880,000000
2024-04-29;71,930000;69,690002;67,220001;4,705500;;2707,500000;880,000000;880,000000
2024-04-30;71,570000;69,379997;66,949997;4,603000;;2703,000000;872,000000;872,000000
2024-05-01;69,680000;67,750000;65,559998;4,576000;;2694,250000;873,000000;873,000000
2024-05-02;70,120003;68,180000;65,989998;4,521500;;2652,250000;862,000000;862,000000
2024-05-03;70,190002;68,339996;66,290001;4,590500;;2675,250000;862,000000;862,000000
2024-05-06;70,510002;68,629997;66,529999;4,644500;;2719,750000;852,000000;852,000000
2024-05-07;70,370003;68,419998;66,269997;4,641500;;2693,750000;857,000000;857,000000
2024-05-08;70,239998;68,209999;65,919998;4,586000;;2669,750000;850,000000;850,000000
2024-05-09;70,400002;68,370003;66,080002;4,605000;;2685,000000;857,000000;857,000000
2024-05-10;69,900002;67,940002;65,730003;4,617500;;2661,250000;860,000000;860,000000
2024-05-13;70,239998;68,199997;65,900002;4,681000;;2680,750000;861,000000;861,000000
2024-05-14;70,040001;68,169998;66,000000;4,609000;;2687,250000;853,000000;853,000000
2024-05-15;70,260002;68,360001;66,190002;4,690000;;2728,000000;864,000000;864,000000
2024-05-16;70,690002;68,730003;66,500000;4,736500;;2722,500000;868,000000;868,000000
2024-05-17;71,209999;69,180000;66,849998;4,874000;;2743,750000;873,000000;873,000000
2024-05-20;71,339996;69,370003;67,139999;4,955000;;2747,500000;873,000000;873,000000
2024-05-21;71,099998;69,209999;67,070000;4,956500;;2838,500000;876,000000;876,000000
2024-05-22;70,110001;68,300003;66,269997;4,768000;;2761,000000;862,000000;862,000000
2024-05-23;69,739998;68,000000;66,059998;4,747500;;2744,500000;850,000000;850,000000
2024-05-24;69,959999;68,139999;66,099998;4,731000;;2783,500000;855,000000;855,000000
2024-05-28;71,370003;69,290001;66,940002;4,838000;;2848,500000;855,000000;855,000000
2024-05-29;71,110001;69,080002;66,800003;4,802500;;2893,750000;855,000000;855,000000
2024-05-30;70,419998;68,550003;66,440002;4,670500;;2827,750000;855,000000;855,000000
2024-05-31;70,589996;68,860001;66,860001;4,643000;;2775,000000;855,000000;855,000000
2024-06-03;68,980003;67,470001;65,660004;4,691000;;2791,500000;855,000000;855,000000
2024-06-04;67,660004;66,169998;64,400002;4,565000;;2789,750000;855,000000;855,000000
2024-06-05;67,699997;66,180000;64,459999;4,587000;;2752,750000;855,000000;855,000000
2024-06-06;68,550003;66,860001;64,949997;4,668500;;2775,000000;841,000000;841,000000
2024-06-07;69,010002;67,419998;65,570000;4,521000;;2705,000000;838,000000;838,000000
2024-06-10;70,160004;68,410004;66,389999;4,578500;;2700,500000;839,000000;839,000000
2024-06-11;70,550003;68,830002;66,849998;4,519000;;2660,500000;845,000000;845,000000
2024-06-12;70,809998;69,010002;66,900002;4,582000;;2698,250000;851,000000;851,000000
2024-06-13;70,900002;69,040001;66,919998;4,516500;;2681,000000;855,000000;855,000000
2024-06-14;70,510002;68,690002;66,650002;4,510500;;2643,500000;865,000000;865,000000
2024-06-17;70,660004;68,610001;66,440002;4,474000;;2636,250000;845,000000;845,000000
2024-06-18;71,540001;69,510002;67,349998;4,501000;;2627,000000;845,000000;845,000000
2024-06-20;71,820000;69,739998;67,529999;4,563000;;2651,750000;823,000000;823,000000
2024-06-21;71,410004;69,379997;67,230003;4,485000;;2642,750000;830,000000;830,000000
2024-06-24;72,059998;69,930000;67,669998;4,474500;;2634,250000;820,000000;820,000000
2024-06-25;71,820000;69,739998;67,480003;4,439500;;2626,750000;820,000000;820,000000
2024-06-26;72,150002;70,050003;67,769997;4,441000;;2639,250000;829,000000;829,000000
2024-06-27;72,139999;69,949997;67,580002;4,431000;;2621,250000;842,000000;842,000000
2024-06-28;71,910004;69,739998;67,419998;4,469500;;2655,500000;848,000000;848,000000
2024-07-01;72,930000;70,690002;68,279999;4,494500;;2637,500000;845,000000;845,000000
2024-07-02;72,930000;70,669998;68,250000;4,488000;;2646,750000;842,000000;842,000000
2024-07-03;73,550003;71,199997;68,669998;4,587000;;2681,000000;832,000000;832,000000
2024-07-05;73,019997;70,760002;68,339996;4,654500;;2655,750000;835,000000;835,000000
2024-07-08;72,860001;70,699997;68,370003;4,642000;;2642,750000;830,000000;830,000000
2024-07-09;72,050003;69,970001;67,720001;4,609000;;2612,500000;822,000000;822,000000
2024-07-10;72,050003;70,000000;67,790001;4,617500;;2602,000000;830,000000;830,000000
2024-07-11;72,019997;69,889999;67,629997;4,574000;;2592,250000;839,000000;839,000000
2024-07-12;71,970001;69,889999;67,709999;4,631500;;2594,500000;847,000000;847,000000
2024-07-15;71,760002;69,680000;67,480003;4,593500;;2563,500000;860,000000;860,000000
2024-07-16;71,040001;69,120003;67,089996;4,534500;;2520,250000;860,000000;860,000000
2024-07-17;71,580002;69,510002;67,360001;4,518000;;2522,000000;845,000000;845,000000
2024-07-18;71,629997;69,540001;67,339996;4,409000;;2499,000000;833,000000;833,000000
2024-07-19;70,050003;68,180000;66,239998;4,371500;;2469,500000;827,000000;827,000000
2024-07-22;70,290001;68,419998;66,489998;4,336500;;2419,500000;819,000000;819,000000
2024-07-23;69,150002;67,440002;65,650002;4,292000;;2415,750000;819,000000;819,000000
2024-07-24;69,760002;67,980003;66,070000;4,259500;;2423,750000;823,000000;823,000000
2024-07-25;70,059998;68,269997;66,320000;4,274500;;2389,750000;818,000000;818,000000
2024-07-26;69,540001;67,849998;66,010002;4,287500;;2416,500000;834,000000;834,000000
2024-07-29;69,089996;67,519997;65,750000;4,252000;;2364,000000;824,000000;824,000000
2024-07-30;68,650002;67,139999;65,400002;4,255500;;2327,250000;824,000000;824,000000
2024-07-31;70,160004;68,269997;66,129997;4,340000;;2392,250000;834,000000;834,000000
2024-08-01;69,430000;67,669998;65,589996;4,261000;;2389,250000;824,000000;824,000000
2024-08-02;67,330002;65,959999;64,449997;4,279500;;2360,500000;831,000000;831,000000
2024-08-05;67,419998;66,110001;64,669998;4,172000;;2350,500000;836,000000;836,000000
2024-08-06;67,139999;65,779999;64,309998;4,197000;;2395,500000;840,000000;840,000000
2024-08-07;68,139999;66,580002;64,900002;4,139000;;2392,500000;835,000000;835,000000
2024-08-08;68,900002;67,239998;65,410004;4,138500;;2375,750000;834,000000;834,000000
2024-08-09;69,290001;67,559998;65,650002;4,165500;;2396,750000;836,000000;836,000000
2024-08-12;70,830002;68,900002;66,790001;4,235500;;2408,500000;833,000000;833,000000
2024-08-13;69,820000;68,010002;66,080002;4,216000;;2425,500000;820,000000;820,000000
2024-08-14;69,480003;67,779999;65,910004;4,204000;;2424,000000;819,000000;819,000000
2024-08-15;70,099998;68,300003;66,379997;4,286000;;2459,750000;804,000000;804,000000
2024-08-16;69,220001;67,589996;65,870003;4,304000;;2457,000000;804,000000;804,000000
2024-08-19;68,309998;66,849998;65,309998;4,339000;;2531,250000;818,000000;818,000000
2024-08-20;67,680000;66,279999;64,809998;4,319000;;2584,000000;848,000000;848,000000
2024-08-21;67,000000;65,739998;64,500000;4,334000;;2570,250000;850,000000;850,000000
2024-08-22;67,550003;66,190002;64,800003;4,304000;;2567,250000;835,000000;835,000000
2024-08-23;68,699997;67,150002;65,529999;4,356500;;2634,000000;830,000000;830,000000
2024-08-26;69,820000;68,029999;66,150002;4,398000;;2625,000000;840,000000;840,000000
2024-08-27;68,930000;67,370003;65,720001;4,423500;;2626,750000;842,000000;842,000000
2024-08-28;68,169998;66,739998;65,260002;4,350500;;2574,500000;832,000000;832,000000
2024-08-29;69,000000;67,459999;65,849998;4,360000;;2546,500000;830,000000;830,000000
2024-08-30;67,820000;66,470001;65,059998;4,347500;;2540,000000;825,000000;825,000000
2024-09-03;65,910004;65,050003;64,279999;4,220000;;2486,750000;815,000000;815,000000
2024-09-04;65,589996;64,900002;64,309998;4,210500;;2477,500000;807,000000;807,000000
2024-09-05;66,070000;65,330002;64,580002;4,271500;;2464,000000;828,000000;828,000000
2024-09-06;65,059998;64,650002;64,290001;4,221000;;2427,250000;832,000000;832,000000
2024-09-09;65,209999;64,739998;64,339996;4,288500;;2436,000000;827,000000;827,000000
2024-09-10;63,349998;63,119999;62,970001;4,238000;;2429,750000;832,000000;832,000000
2024-09-11;64,370003;63,970001;63,669998;4,277500;;2460,000000;817,000000;817,000000
2024-09-12;65,470001;64,879997;64,360001;4,325500;;2495,250000;841,000000;841,000000
2024-09-13;64,970001;64,440002;63,959999;4,356000;;2537,500000;820,000000;820,000000
2024-09-16;65,839996;65,160004;64,519997;4,398000;;2593,000000;816,000000;816,000000
2024-09-17;66,470001;65,709999;65,010002;4,404500;;2590,250000;800,000000;800,000000
2024-09-18;66,379997;65,660004;64,980003;4,419500;;2599,250000;795,000000;795,000000
2024-09-19;66,930000;66,040001;65,220001;4,464500;;2613,500000;799,000000;799,000000
2024-09-20;66,870003;66,010002;65,209999;4,464500;;2560,500000;805,000000;805,000000
2024-09-23;66,720001;65,980003;65,279999;4,471500;;2564,250000;810,000000;810,000000
2024-09-24;67,650002;66,779999;65,970001;4,599500;;2637,250000;830,000000;830,000000
2024-09-25;66,709999;66,050003;65,449997;4,614000;;2611,250000;817,000000;817,000000
2024-09-26;65,739998;65,410004;65,190002;4,720500;;2685,750000;819,000000;819,000000
2024-09-27;65,910004;65,519997;65,260002;4,697000;;2718,500000;814,000000;814,000000
2024-09-30;66,160004;65,720001;65,470001;4,630000;;2693,500000;810,000000;810,000000
2024-10-01;67,150002;66,680000;66,349998;4,693000;;2699,500000;815,000000;815,000000
2024-10-02;67,199997;66,639999;66,190002;4,753500;;2743,500000;810,000000;810,000000
2024-10-03;69,470001;68,550003;67,709999;4,674500;;2702,000000;815,000000;815,000000
2024-10-04;69,129997;68,209999;67,320000;4,706500;;2732,500000;811,000000;811,000000
2024-10-07;71,040001;69,730003;68,470001;4,702000;;2736,000000;813,000000;813,000000
2024-10-08;69,330002;68,330002;67,260002;4,611000;;2647,500000;806,000000;806,000000
2024-10-09;68,699997;67,779999;66,860001;4,549000;;2618,000000;806,000000;806,000000
2024-10-10;70,010002;68,720001;67,489998;4,572000;;2673,000000;806,000000;806,000000
2024-10-11;70,040001;68,750000;67,500000;4,635500;;2719,500000;812,000000;812,000000
2024-10-14;69,339996;68,279999;67,209999;4,566000;;2693,750000;807,000000;807,000000
2024-10-15;67,019997;66,309998;65,629997;4,508000;;2664,500000;807,000000;807,000000
2024-10-16;66,610001;65,860001;65,150002;4,529500;;2674,750000;814,000000;814,000000
2024-10-17;66,910004;66,070000;65,239998;4,498000;;2648,000000;800,000000;800,000000
2024-10-18;66,089996;65,400002;64,720001;4,558500;;2708,000000;805,000000;805,000000
2024-10-21;66,949997;66,139999;65,309998;4,536500;;2684,000000;805,000000;805,000000
2024-10-22;68,160004;67,160004;66,120003;4,556500;;2718,250000;804,000000;804,000000
2024-10-23;67,360001;66,370003;65,339996;4,525000;;2750,500000;804,000000;804,000000
2024-10-24;67,150002;66,260002;65,360001;4,534500;;2738,250000;804,000000;804,000000
2024-10-25;68,220001;67,139999;66,070000;4,541500;;2774,250000;803,000000;803,000000
2024-10-28;65,000000;64,419998;63,900002;4,529500;;2740,000000;803,000000;803,000000
2024-10-29;64,879997;64,389999;63,950001;4,521500;;2756,750000;803,000000;803,000000
2024-10-30;65,940002;65,279999;64,589996;4,510500;;2711,500000;778,000000;778,000000
2024-10-31;66,190002;65,339996;64,449997;4,501500;;2704,500000;800,000000;800,000000
2024-11-01;66,500000;65,650002;64,750000;4,536000;;2692,250000;800,000000;800,000000
2024-11-04;67,529999;66,260002;64,970001;4,585500;;2709,750000;800,000000;800,000000
2024-11-05;67,739998;66,379997;64,949997;4,621500;;2757,750000;804,000000;804,000000
2024-11-06;67,699997;66,449997;65,070000;4,416500;;2697,500000;805,000000;805,000000
2024-11-07;68,349998;67,000000;65,500000;4,587500;;2786,750000;815,000000;815,000000
2024-11-08;67,370003;66,250000;65,000000;4,477500;;2700,750000;810,000000;810,000000
2024-11-11;65,949997;65,089996;64,180000;4,405500;;2642,750000;815,000000;815,000000
2024-11-12;65,849998;65,000000;64,139999;4,322000;;2607,250000;800,000000;800,000000
2024-11-13;65,849998;64,959999;64,070000;4,264000;;2583,500000;800,000000;800,000000
2024-11-14;65,879997;64,809998;63,740002;4,263000;;2573,250000;790,000000;802,000000
2024-11-15;64,730003;63,900002;63,150002;4,230000;;2696,000000;800,000000;812,000000
2024-11-18;66,599998;65,540001;64,519997;4,284000;;2671,500000;800,000000;812,000000
2024-11-19;66,800003;65,870003;64,989998;4,297500;;2718,500000;794,000000;806,000000
2024-11-20;66,410004;65,510002;64,639999;4,300000;;2722,500000;795,000000;807,000000
2024-11-21;66,970001;65,809998;64,680000;4,279000;;2713,000000;792,000000;804,000000
2024-11-22;67,639999;66,339996;65,019997;4,248500;;2700,750000;790,000000;802,000000
2024-11-25;66,010002;64,959999;63,939999;4,277500;;2725,500000;780,000000;792,000000
2024-11-26;66,099998;65,160004;64,230003;4,239500;;2693,750000;805,000000;817,000000
2024-11-27;65,879997;64,930000;63,970001;4,254000;4,339500;2690,750000;810,000000;822,000000
2024-11-29;65,410004;64,430000;63,419998;4,258000;4,341000;2690,250000;810,000000;822,000000
2024-12-02;65,510002;64,510002;63,480000;4,251500;4,338000;2677,500000;810,000000;822,000000
2024-12-03;66,750000;65,529999;64,209999;4,314000;4,409500;2699,000000;793,000000;805,000000
2024-12-04;65,610001;64,489998;63,220001;4,319500;4,407000;2736,000000;790,000000;802,000000
2024-12-05;65,449997;64,349998;63,119999;4,308500;4,392000;2717,750000;781,000000;793,000000
2024-12-06;65,050003;64,059998;63,000000;4,307500;4,389500;2664,500000;790,000000;802,000000
2024-12-09;65,970001;64,959999;63,799999;4,383500;4,465000;2650,250000;795,000000;807,000000
2024-12-10;66,019997;64,949997;63,730000;4,376000;4,457500;2647,000000;795,000000;807,000000
2024-12-11;66,790001;65,510002;63,990002;4,360000;4,440000;2670,000000;790,000000;802,000000
2024-12-12;66,860001;65,570000;64,050003;4,342000;4,423000;2670,000000;819,000000;831,000000
2024-12-13;67,459999;66,080002;64,430000;4,297000;4,378000;2655,250000;810,000000;822,000000
2024-12-16;67,050003;65,820000;64,309998;4,293500;4,375500;2619,000000;807,000000;819,000000
2024-12-17;66,470001;65,279999;63,970001;4,265500;4,348000;2584,250000;807,000000;819,000000
2024-12-18;66,410004;65,169998;63,810001;4,278500;4,360500;2578,250000;812,000000;824,000000
2024-12-19;65,709999;64,589996;63,450001;4,206500;4,286500;2558,000000;812,000000;824,000000
2024-12-20;65,809998;64,690002;63,560001;4,225500;4,304000;2583,000000;812,000000;824,000000
2024-12-23;65,760002;64,660004;63,520000;4,214500;4,291500;2578,750000;802,000000;814,000000
2024-12-24;66,330002;65,139999;63,910000;4,238500;4,309500;2613,250000;803,000000;815,000000
2024-12-26;66,019997;64,839996;63,630001;4,258500;4,329500;2590,500000;802,000000;814,000000
2024-12-27;66,489998;65,129997;63,770000;4,256000;4,321500;2612,250000;805,000000;817,000000
2024-12-30;66,779999;65,440002;64,099998;4,229000;4,282500;2616,000000;805,000000;817,000000
2024-12-31;67,360001;65,879997;64,400002;4,164000;4,209000;2620,000000;802,000000;814,000000
2025-01-02;68,029999;66,410004;64,800003;4,163500;4,211500;2592,250000;797,000000;809,000000
2025-01-03;68,389999;66,599998;64,879997;4,203500;4,251500;2548,250000;792,000000;804,000000
2025-01-06;68,480003;66,839996;65,230003;4,279500;4,327500;2551,250000;807,000000;819,000000
2025-01-07;68,739998;66,989998;65,260002;4,320500;4,370500;2579,250000;805,000000;817,000000
2025-01-08;68,169998;66,510002;64,889999;4,370500;4,415500;2555,500000;803,000000;815,000000
2025-01-09;68,410004;66,589996;64,830002;4,409000;4,452000;2600,250000;802,000000;814,000000
2025-01-10;69,190002;67,080002;64,989998;4,399000;4,433000;2639,000000;807,000000;819,000000
2025-01-13;68,739998;66,769997;64,930000;4,440000;4,478500;2646,500000;815,000000;827,000000
2025-01-14;69,070000;67,269997;65,529999;4,466000;4,503500;2639,500000;820,000000;832,000000
2025-01-15;69,690002;67,699997;65,910004;4,502000;4,540000;2664,500000;820,000000;832,000000
2025-01-16;69,029999;67,169998;65,529999;4,558000;4,596000;2712,250000;820,000000;832,000000
2025-01-17;68,860001;67,059998;65,449997;4,491500;4,529000;2730,500000;820,000000;832,000000
2025-01-21;68,750000;67,040001;65,480003;4,479000;4,517500;2703,750000;820,000000;832,000000
2025-01-22;68,870003;67,059998;65,470001;4,450500;4,489500;2677,250000;825,000000;837,000000
2025-01-23;68,699997;66,989998;65,430000;4,472500;4,511500;2669,500000;828,000000;840,000000
2025-01-24;68,440002;66,720001;65,110001;4,483500;4,523000;2689,500000;828,000000;840,000000
2025-01-27;67,410004;65,860001;64,449997;4,406000;4,448000;2646,750000;833,000000;845,000000
2025-01-28;67,260002;65,660004;64,250000;4,409000;4,451500;2610,750000;838,000000;850,000000
2025-01-29;66,750000;65,290001;64,000000;4,442000;4,484000;2659,250000;838,000000;850,000000
2025-01-30;66,959999;65,389999;64,000000;4,484500;4,528500;2664,500000;838,000000;850,000000
2025-01-31;66,769997;65,250000;63,889999;4,453500;4,499000;2630,500000;842,000000;854,000000
2025-02-03;66,739998;65,220001;63,930000;4,471000;4,518000;2652,000000;843,000000;855,000000
2025-02-04;67,290001;65,720001;64,339996;4,516500;4,563500;2671,000000;851,000000;863,000000
2025-02-05;66,330002;65,019997;63,889999;4,603000;4,646000;2641,750000;843,000000;855,000000
2025-02-06;66,489998;65,220001;64,089996;4,630000;4,674000;2651,000000;853,000000;865,000000
2025-02-07;66,820000;65,459999;64,199997;4,756500;4,799500;2659,000000;855,000000;867,000000
2025-02-10;67,620003;66,029999;64,529999;4,860500;4,903500;2686,250000;875,000000;887,000000
2025-02-11;68,650002;66,959999;65,309998;4,757500;4,803000;2671,000000;875,000000;887,000000
2025-02-12;67,419998;65,989998;64,589996;4,872500;4,925000;2646,000000;874,000000;886,000000
2025-02-13;67,300003;65,809998;64,379997;4,955500;5,001500;2637,250000;874,000000;886,000000
2025-02-14;67,290001;65,860001;64,430000;4,846000;4,890500;2674,250000;886,000000;898,000000
2025-02-18;67,750000;66,190002;64,610001;4,790000;4,837500;2702,000000;894,000000;906,000000
2025-02-19;68,010002;66,379997;64,720001;4,760500;4,806500;2716,250000;880,000000;892,000000
2025-02-20;68,410004;66,739998;65,089996;4,809000;4,853500;2753,250000;880,000000;892,000000
2025-02-21;66,830002;65,470001;64,190002;4,766000;4,811500;2711,500000;878,000000;890,000000
2025-02-24;66,900002;65,519997;64,220001;4,715000;4,761500;2674,750000;880,000000;917,000000
2025-02-25;65,440002;64,300003;63,349998;4,680500;4,727000;2654,500000;875,000000;912,000000
2025-02-26;64,889999;63,840000;62,939999;4,740500;4,789500;2667,500000;870,000000;907,000000
2025-02-27;65,860001;64,559998;63,369999;4,770500;4,820000;2652,250000;860,000000;897,000000
2025-02-28;65,230003;64,019997;63,020000;4,707000;4,755500;2626,250000;855,000000;892,000000
2025-03-03;64,599998;63,540001;62,740002;4,777000;4,830500;2636,500000;855,000000;892,000000
2025-03-04;64,349998;63,439999;62,750000;4,730000;4,785000;2647,500000;855,000000;892,000000
2025-03-05;63,049999;62,340000;61,860001;4,963000;5,025000;2685,500000;860,000000;897,000000
2025-03-06;62,930000;62,209999;61,770000;4,972500;5,033000;2731,500000;860,000000;897,000000
2025-03-07;63,630001;62,860001;62,299999;4,888500;4,952000;2731,250000;853,000000;890,000000
2025-03-10;62,520000;61,840000;61,410000;4,851500;4,918500;2718,000000;845,000000;882,000000
2025-03-11;62,660000;61,939999;61,490002;4,951000;5,019500;2722,000000;845,000000;882,000000
2025-03-12;63,900002;63,009998;62,360001;5,038000;5,108500;2719,000000;847,000000;884,000000
2025-03-13;63,090000;62,380001;61,930000;5,112000;5,187500;2711,000000;845,000000;882,000000
2025-03-14;63,580002;62,860001;62,419998;5,086000;5,160500;2695,250000;841,000000;878,000000
2025-03-17;64,059998;63,240002;62,669998;5,153000;5,227500;2714,000000;835,000000;872,000000
2025-03-18;63,759998;63,110001;62,669998;5,217000;5,293000;2683,000000;835,000000;872,000000
2025-03-19;63,830002;63,130001;62,639999;5,294000;5,368000;2700,250000;832,000000;869,000000
2025-03-20;64,629997;63,759998;63,090000;5,305500;5,382000;2694,500000;825,000000;862,000000
2025-03-21;64,620003;63,680000;62,930000;5,305500;5,385000;2653,000000;825,000000;862,000000
2025-03-24;65,120003;64,040001;63,139999;5,283500;5,361500;2636,250000;833,000000;870,000000
2025-03-25;65,129997;64,080002;63,220001;5,399000;5,472000;2624,250000;842,000000;879,000000
2025-03-26;65,540001;64,440002;63,619999;5,379000;5,417000;2625,250000;838,000000;875,000000
2025-03-27;65,849998;64,739998;63,900002;5,254000;5,291000;2577,000000;843,000000;880,000000
2025-03-28;65,099998;64,029999;63,240002;5,269500;5,307000;2553,250000;847,000000;884,000000
2025-03-31;66,400002;65,010002;64,029999;5,184000;5,227000;2538,250000;838,000000;875,000000
2025-04-01;66,529999;65,190002;64,169998;5,195500;5,238000;2514,250000;843,000000;880,000000
2025-04-02;66,739998;65,309998;64,180000;5,199000;5,242000;2482,250000;841,000000;875,000000
2025-04-03;63,070000;62,369999;62,029999;4,995000;5,046500;2413,000000;845,000000;879,000000
2025-04-04;59,500000;59,430000;59,830002;4,572500;4,651500;2330,000000;838,000000;872,000000
2025-04-07;59,220001;59,310001;59,910000;4,373000;4,452500;2325,000000;828,000000;862,000000
2025-04-08;57,660000;57,930000;58,849998;4,336000;4,419000;2312,750000;833,000000;867,000000
2025-04-09;59,509998;59,750000;60,529999;4,385000;4,466500;2292,000000;830,000000;864,000000
2025-04-10;58,169998;58,720001;59,799999;4,526000;4,604500;2342,750000;835,000000;869,000000
2025-04-11;58,720001;59,099998;59,930000;4,711500;4,790000;2376,000000;846,000000;880,000000
2025-04-14;59,240002;59,669998;60,490002;4,825500;4,907500;2371,250000;858,000000;892,000000
2025-04-15;58,740002;59,209999;60,150002;4,823500;4,903500;2377,000000;858,000000;892,000000
2025-04-16;59,320000;59,669998;60,320000;4,881000;4,959000;2378,500000;858,000000;892,000000
2025-04-17;61,060001;61,139999;61,419998;4,930000;5,006000;2368,750000;858,000000;892,000000
2025-04-21;59,520000;59,820000;60,360001;4,922000;4,998000;2399,750000;858,000000;892,000000
2025-04-22;60,599998;60,810001;61,290001;5,066000;5,136500;2376,250000;860,000000;894,000000
2025-04-23;59,740002;60,299999;60,990002;5,036500;5,110000;2444,000000;860,000000;894,000000
2025-04-24;60,310001;60,869999;61,549999;5,056500;5,127500;2465,250000;860,000000;894,000000
2025-04-25;60,529999;61,070000;61,700001;5,040000;5,112000;2430,750000;859,000000;893,000000
2025-04-28;59,910000;60,590000;61,380001;5,029000;5,098500;2434,250000;851,000000;885,000000
2025-04-29;58,950001;59,820000;60,849998;5,014500;5,085500;2460,250000;851,000000;885,000000
2025-04-30;56,810001;57,900002;59,220001;4,757000;4,830000;2393,250000;851,000000;885,000000
2025-05-01;57,709999;58,650002;59,830002;4,781000;4,855500;2397,500000;842,000000;876,000000
2025-05-02;57,340000;58,450001;59,770000;4,830500;4,914000;2411,250000;842,000000;876,000000
2025-05-05;56,689999;57,880001;59,380001;4,860000;4,947500;2412,500000;845,000000;879,000000
2025-05-06;58,320000;59,400002;60,630001;4,939000;5,027500;2413,000000;842,000000;876,000000
2025-05-07;57,349998;58,529999;59,770000;4,830500;4,924000;2367,750000;842,000000;876,000000
2025-05-08;58,639999;59,660000;60,680000;4,774000;4,867000;2394,500000;845,000000;876,000000
2025-05-09;59,240002;60,110001;61,029999;4,822500;4,916000;2412,000000;845,000000;876,000000
2025-05-12;60,340000;61,110001;61,880001;4,792000;4,886000;2481,750000;844,000000;875,000000
2025-05-13;61,520000;62,029999;62,599998;4,893500;4,988000;2492,750000;845,000000;876,000000
2025-05-14;61,020000;61,509998;62,090000;4,824500;4,920000;2541,000000;845,000000;876,000000
2025-05-15;59,930000;60,700001;61,630001;4,852500;4,941000;2498,750000;845,000000;876,000000
2025-05-16;60,250000;60,860001;61,709999;4,767500;4,855000;2487,750000;835,000000;866,000000
2025-05-19;60,119999;60,619999;61,419998;4,848500;4,933500;2455,000000;836,000000;867,000000
2025-05-20;60,340000;60,900002;61,750000;4,831500;4,916500;2473,000000;836,000000;867,000000
2025-05-21;60,060001;60,669998;61,570000;4,846000;4,926000;2475,250000;836,000000;867,000000
2025-05-22;59,669998;60,369999;61,330002;4,852500;4,933500;2455,000000;839,000000;870,000000
2025-05-23;59,889999;60,529999;61,340000;5,008500;5,092500;2461,000000;837,000000;868,000000
2025-05-27;59,410000;60,080002;60,930000;4,917500;5,005000;2472,250000;839,000000;870,000000
2025-05-28;59,950001;60,529999;61,270000;4,859500;4,952000;2454,750000;837,000000;869,000000
2025-05-29;58,889999;59,540001;60,380001;4,864500;4,958500;2435,250000;835,000000;869,000000
2025-05-30;58,360001;59,189999;60,180000;4,862500;4,952500;2431,500000;835,000000;869,000000
2025-06-02;59,669998;60,250000;60,939999;5,036500;5,128500;2468,500000;860,000000;894,000000
2025-06-03;60,689999;61,139999;61,700001;5,013500;5,109500;2467,750000;861,000000;895,000000
2025-06-04;60,080002;60,580002;61,230000;5,063000;5,155500;2490,750000;877,000000;909,000000
2025-06-05;60,529999;60,930000;61,480000;5,106000;5,200500;2490,250000;853,000000;885,000000
2025-06-06;61,209999;61,529999;61,950001;5,030500;5,125500;2461,000000;862,000000;894,000000
2025-06-09;61,570000;61,799999;62,130001;5,107000;5,199000;2490,500000;868,000000;899,000000
2025-06-10;61,369999;61,630001;61,950001;5,075000;5,166000;2512,500000;870,000000;901,000000
2025-06-11;63,299999;63,049999;62,959999;4,988500;5,088000;2538,000000;831,000000;864,000000
2025-06-12;63,020000;62,720001;62,630001;5,008500;5,105500;2534,500000;845,000000;878,000000
2025-06-13;65,320000;64,190002;63,720001;4,989000;5,088000;2524,000000;854,000000;887,000000
2025-06-16;65,550003;64,580002;63,910000;5,016500;5,116000;2532,750000;857,000000;894,000000
2025-06-17;67,330002;65,900002;65,010002;4,985000;5,085000;2570,250000;855,000000;892,000000
2025-06-18;67,320000;65,709999;64,669998;5,027000;5,125500;2578,000000;858,000000;895,000000
2025-06-20;67,360001;65,919998;64,839996;5,003500;5,101000;2557,500000;860,000000;897,000000
2025-06-23;64,680000;63,919998;63,610001;5,022000;5,115500;2613,750000;860,000000;889,000000
2025-06-24;61,310001;61,680000;62,299999;5,047500;5,142500;2599,500000;860,000000;880,000000
2025-06-25;60,970001;61,279999;61,930000;5,095000;5,191000;2588,750000;850,000000;860,000000
2025-06-26;61,400002;61,639999;62,220001;5,244000;5,336500;2599,750000;852,000000;860,000000
2025-06-27;61,380001;61,509998;61,930000;5,246000;5,339000;2600,500000;855,000000;863,000000
2025-06-30;61,310001;61,389999;61,770000;5,201500;5,294500;2607,000000;855,000000;863,000000
2025-07-01;61,540001;61,590000;62,020000;5,220500;5,315500;2612,000000;852,000000;860,000000
2025-07-02;62,540001;62,189999;62,299999;5,321500;5,419000;2623,750000;852,000000;860,000000
2025-07-03;62,360001;62,060001;62,270000;5,268000;5,365000;2614,500000;855,000000;863,000000
2025-07-04;62,040001;;;5,186000;;2616,500000;;
2025-07-07;62,950001;62,689999;62,919998;5,154500;5,250000;2567,000000;850,000000;858,000000
2025-07-08;63,500000;63,250000;63,450001;5,813000;5,910000;2573,750000;845,000000;855,000000
2025-07-09;63,299999;63,009998;63,130001;5,583500;5,638000;2586,750000;845,000000;855,000000
2025-07-10;62,419998;62,299999;62,590000;5,695500;5,755500;2606,750000;851,000000;855,000000
2025-07-11;63,630001;63,310001;63,430000;5,716000;5,773000;2592,250000;855,000000;859,000000
2025-07-14;63,169998;62,970001;63,290001;5,665000;5,722500;2568,750000;860,000000;864,000000
2025-07-15;62,799999;62,590000;62,889999;5,690500;5,748000;2550,750000;860,000000;864,000000
2025-07-16;62,610001;62,410000;62,740002;5,637000;5,694000;2541,000000;870,000000;870,000000
2025-07-17;63,310001;63,009998;63,200001;5,623000;5,679500;2541,500000;874,000000;870,000000
2025-07-18;63,340000;63,040001;63,250000;5,714000;5,770500;2609,500000;869,000000;865,000000
2025-07-21;63,439999;63,029999;63,180000;5,744500;5,801000;2659,000000;870,000000;866,000000
2025-07-22;63,000000;62,680000;62,779999;5,828500;5,883000;2684,500000;880,000000;876,000000
2025-07-23;63,130001;62,740002;62,650002;5,921500;5,973000;2662,000000;885,000000;881,000000
2025-07-24;63,490002;63,080002;62,919998;5,913500;5,969500;2656,750000;880,000000;880,000000
2025-07-25;62,830002;62,520000;62,480000;5,894500;5,948000;2640,000000;873,000000;873,000000
2025-07-28;64,180000;63,639999;63,380001;5,725000;5,779500;2636,500000;872,000000;872,000000
2025-07-29;66,000000;64,790001;64,209999;5,738500;5,796000;2613,000000;882,000000;882,000000
2025-07-30;66,239998;64,830002;64,059998;5,695000;5,751500;2600,500000;882,000000;882,000000
2025-07-31;65,529999;64,230003;63,459999;4,482500;4,583000;2550,250000;875,000000;872,000000
2025-08-01;63,580002;62,630001;62,369999;4,550000;4,653000;2535,000000;877,000000;875,000000
2025-08-04;63,250000;62,389999;62,220001;4,547500;4,650000;2529,250000;882,000000;880,000000
2025-08-05;62,419998;61,799999;61,820000;4,496500;4,603000;2534,250000;881,000000;879,000000
2025-08-06;61,840000;61,290001;61,380001;4,526500;4,634500;2586,750000;870,000000;879,000000
2025-08-07;61,740002;61,330002;61,650002;4,514000;4,629500;2602,000000;875,000000;884,000000
2025-08-08;61,610001;61,160000;61,340000;4,584500;4,693500;2603,000000;875,000000;884,000000
2025-08-11;61,830002;61,410000;61,470001;4,554500;4,663000;2569,750000;873,000000;882,000000
2025-08-12;61,450001;61,220001;61,389999;4,639000;4,744000;2606,500000;869,000000;878,000000
2025-08-13;61,009998;60,970001;61,270000;4,615500;4,724000;2607,000000;870,000000;879,000000
2025-08-14;61,619999;61,450001;61,669998;4,598000;4,707500;2597,250000;871,000000;885,000000
2025-08-15;60,930000;61,000000;61,509998;4,608000;4,723000;2582,500000;875,000000;889,000000
2025-08-18;61,470001;61,470001;61,990002;4,592500;4,717500;2560,750000;875,000000;889,000000
2025-08-19;60,849998;60,919998;61,610001;4,547000;4,676500;2525,250000;876,000000;882,000000
2025-08-20;61,770000;61,650002;62,080002;4,571500;4,707500;2535,750000;878,000000;884,000000
2025-08-21;62,439999;62,230000;62,500000;4,570000;4,703000;2553,500000;879,000000;880,000000
2025-08-22;62,540001;62,270000;62,560001;4,585500;4,718500;2593,250000;881,000000;883,000000
2025-08-25;63,439999;62,970001;63,040001;4,606000;4,741500;2613,000000;877,000000;875,000000
2025-08-26;62,060001;61,820000;62,150002;4,591000;4,722500;2626,750000;876,000000;875,000000
2025-08-27;62,540001;62,130001;62,369999;4,553500;4,681000;2592,000000;885,000000;884,000000
2025-08-28;63,020000;62,529999;62,680000;4,594000;4,707500;2582,500000;880,000000;879,000000
2025-08-29;62,400002;62,000000;62,189999;4,643000;4,748000;2580,500000;883,000000;882,000000
2025-09-02;64,000000;63,490002;63,480000;4,694500;4,798000;2590,750000;875,000000;879,000000
2025-09-03;62,810001;62,560001;62,880001;4,686000;4,791000;2575,250000;880,000000;884,000000
2025-09-04;62,209999;61,919998;62,279999;4,618000;4,733500;2567,000000;876,000000;881,000000
2025-09-05;60,910000;60,880001;61,490002;4,607500;4,720500;2578,000000;878,000000;883,000000
2025-09-08;61,430000;61,410000;61,889999;4,616500;4,732500;2602,750000;877,000000;882,000000
2025-09-09;61,860001;61,689999;62,090000;4,625000;4,735500;2602,000000;881,000000;886,000000
2025-09-10;62,750000;62,400002;62,709999;4,672500;4,778500;2603,500000;882,000000;887,000000
2025-09-11;61,610001;61,419998;61,900002;4,714000;4,821500;2673,250000;885,000000;890,000000
2025-09-12;61,950001;61,750000;62,160000;4,711500;4,820000;2666,750000;882,000000;887,000000
2025-09-15;62,430000;62,110001;62,410000;4,777500;4,888500;2677,000000;882,000000;890,000000
2025-09-16;63,330002;62,869999;62,930000;4,756000;4,870000;2697,000000;885,000000;891,000000
2025-09-17;62,759998;62,230000;62,360001;4,694500;4,812500;2665,750000;883,000000;891,000000
2025-09-18;62,299999;61,810001;62,070000;4,664500;4,787000;2661,500000;887,000000;895,000000
2025-09-19;61,430000;61,130001;61,520000;4,691000;4,813500;2647,000000;880,000000;890,000000
2025-09-22;61,430000;61,220001;61,700001;4,696000;4,819500;2616,500000;887,000000;883,000000
2025-09-23;62,279999;61,860001;62,169998;4,706500;4,827000;2605,000000;895,000000;888,000000
2025-09-24;63,450001;62,500000;62,400002;4,873500;4,985500;2621,500000;888,000000;883,000000
2025-09-25;63,529999;62,580002;62,520000;4,822000;4,935500;2625,000000;889,000000;886,000000
2025-09-26;64,180000;63,189999;62,959999;4,836000;4,953500;2624,500000;881,000000;886,000000
2025-09-29;62,369999;61,779999;61,980000;4,954000;5,062500;2653,000000;881,000000;887,000000
2025-09-30;61,360001;61,009998;61,490002;4,920000;5,033500;2665,500000;875,000000;875,000000
2025-10-01;60,889999;60,689999;61,320000;4,945000;5,047000;2669,000000;878,000000;875,000000
2025-10-02;59,860001;59,939999;60,779999;5,011500;5,110500;2664,750000;880,000000;880,000000
2025-10-03;60,160000;60,180000;60,900002;5,169000;5,255000;2681,750000;877,000000;882,000000
2025-10-06;60,930000;60,849998;61,380001;5,101500;5,197000;2704,500000;875,000000;877,000000
2025-10-07;60,799999;60,709999;61,320000;5,162000;5,259500;2730,750000;872,000000;870,000000
2025-10-08;61,369999;61,119999;61,520000;5,160000;5,260000;2745,500000;873,000000;867,000000
2025-10-09;60,529999;60,540001;61,110001;5,188500;5,286000;2790,500000;877,000000;871,000000
2025-10-10;58,189999;58,669998;59,779999;4,962000;5,068500;2670,000000;879,000000;875,000000
2025-10-13;58,840000;59,369999;60,410000;5,209500;5,308000;2724,250000;870,000000;868,000000
2025-10-14;58,070000;58,790001;59,880001;5,091500;5,198500;2698,500000;880,000000;868,000000
2025-10-15;57,750000;58,560001;59,770000;5,083500;5,191000;2707,000000;880,000000;875,000000
2025-10-16;58,029999;58,750000;;5,039500;;2704,500000;;
